Score,Z_Score
10,-1.348056614971397
55,0.2914717005343561
32,-0.5465094385019177
70,0.8379811390362739
25,-0.8015471764694794
90,1.566660390372164
